<module>
  <inherits name="com.google.gwt.xml.XML" />
  <inherits name="com.google.gwt.http.HTTP" />
  <inherits name="com.google.gwt.junit.JUnit" />
  <inherits name="com.calclab.suco.Suco" />
  <entry-point class="com.calclab.emite.core.client.EmiteCoreModule" />
  <inherits name='com.calclab.emite.im.EmiteIM'/>
  <inherits name="com.allen_sauer.gwt.log.gwt-log" />
  <extend-property name="log_level" values="DEBUG,INFO,OFF" />
  <set-property name="log_DivLogger" value="DISABLED" />
  <set-property name="log_FirebugLogger" value="ENABLED" />
</module>