<?xml version="1.0" encoding="UTF-8"?>
<module rename-to='kik'>
  <!-- Inherit the core Web Toolkit stuff.                        -->
  <inherits name='com.google.gwt.user.User'/>

  <!-- Inherit the default GWT style sheet.  You can change       -->
  <!-- the theme of your GWT application by uncommenting          -->
  <!-- any one of the following lines.                            -->
  <!-- <inherits name='com.google.gwt.user.theme.standard.Standard'/> -->
   <inherits name='com.google.gwt.user.theme.chrome.Chrome'/>
  <!-- <inherits name='com.google.gwt.user.theme.dark.Dark'/>     -->

  <!-- Other module inherits                                      -->
   <inherits name='com.calclab.emite.core.EmiteCore'/>
  <inherits name='com.calclab.emite.im.EmiteIM'/>
  <inherits name='gwt.g2d.g2d'/>
  <servlet path="/proxy" class="com.jsos.httpproxy.HttpProxyServlet" />
  
  <!-- Specify the app entry point class.                         -->
  <entry-point class='kik.client.Kik'/>

  <!-- Specify the paths for translatable code                    -->
  <source path='client'/>

</module>
